x,z,t,c
0.928855902056327,-0.104230270330688,1.21212121212121,0.586684188609391
0.327195485023355,-0.200619343057775,7.67676767676768,0.723885406982966
0.790351034896442,-0.33525419008796,15.3535353535354,0.859409517269916
0.340905872643458,-0.951861651130293,15.1515151515152,0.258296389594284
0.201658732459671,-0.117616679957526,5.05050505050505,0.771535549603394
0.189092994379714,-0.652753862077572,4.04040404040404,0.254478047753175
0.470967354403346,-0.407392913307371,10.3030303030303,0.629111712138908
0.176291073854942,-0.780739054190134,17.979797979798,0.217453673949197
0.950640013955048,-0.22531343459992,10.9090909090909,0.920768354737744
0.880295298037648,-0.799335718019776,4.24242424242424,0.814465031271661
0.706527572637142,-0.874629726152987,0.202020202020202,0.46630446816816
0.841880684624022,-0.0578564845078354,20,0.91536382648234
0.323834402690447,-0.0360524804700254,14.3434343434343,0.89530454515947
0.727905057795179,-0.326655624012277,12.7272727272727,0.834792573332072
0.799913916548918,-0.150529321165104,12.7272727272727,0.894928634738772
0.818354600959771,-0.454288111353758,4.64646464646465,0.863586184982092
0.739242093017021,-0.292762065969638,7.47474747474747,0.847870595166994
0.97848377489091,-0.559175644205675,5.25252525252525,0.674569978806234
0.234724801344385,-0.920995776787259,7.47474747474747,0.193326628985391
0.814269355102411,-0.119597760677944,5.25252525252525,0.90521252894724
0.365739043182737,-0.159765772830622,20,0.78526084761292
0.191003896295744,-0.740596915480962,6.86868686868687,0.226886362796731
0.8574600740318,-0.220298042272398,9.09090909090909,0.896376363204552
0.922705179175739,-0.587919931298069,0.606060606060606,0.494990667729244
0.878130963039432,-0.942624840962433,10.1010101010101,0.86164701787347
0.445252407840433,-0.571278795983481,8.28282828282828,0.50398742965775
0.46246330876177,-0.0935554040500464,20,0.865426066485278
0.127529039033634,-0.466520737818852,13.7373737373737,0.338209653700273
0.146920228698739,-0.528628375074722,5.45454545454545,0.30635189136077
0.0520803520574513,-0.374612026938882,2.02020202020202,0.413747204605409
0.547930565459057,-0.0303520727386654,3.43434343434343,0.910124478137338
0.938904967494881,-0.474164542052198,18.5858585858586,0.904897874978722
0.725360960679333,-0.546768176888213,6.06060606060606,0.785210520411661
0.22248647056365,-0.591186102376077,17.979797979798,0.289660363214945
0.72457990951729,-0.0679318148231208,14.3434343434343,0.905287962955124
0.110195460169306,-0.0201260070298006,15.1515151515152,0.852045361725149
0.0393528392977357,-0.532544045126665,17.5757575757576,0.419258589740469
0.33584550693557,-0.361927665193772,3.23232323232323,0.550592625321954
0.136431811962016,-0.467287075191829,8.48484848484848,0.336912778537546
0.669600156031371,-0.461440965642234,13.3333333333333,0.764247706986709
0.307163456422823,-0.611933216503578,5.25252525252525,0.338572624818111
0.898293762165898,-0.837255868365848,19.3939393939394,0.877451511331904
0.3961184079344,-0.846433097085626,8.88888888888889,0.340236558089276
0.934774213318803,-0.472281578922027,13.1313131313131,0.903184272367082
0.0098049466788009,-0.431745756871561,11.3131313131313,0.480419348238331
0.954731083206478,-0.614853819758785,19.7979797979798,0.908412768332178
0.359741299208565,-0.193827881513618,12.3232323232323,0.746713670924587
0.906764808956293,-0.00311526442177568,8.08080808080808,0.922566409573542
0.401711139424444,-0.734845488257331,11.5151515151515,0.381803180742377
0.131457579178385,-0.593639772433076,2.62626262626263,0.286730213247064
0.737561406938632,-0.401946973600942,4.64646464646465,0.825636924971982
0.958306212988463,-0.477302685604216,18.3838383838384,0.911974626447819
0.640002476250665,-0.473882931871633,10.7070707070707,0.738046293237815
0.0490097026625869,-0.756458256570586,9.8989898989899,0.374121317639613
0.411635019592941,-0.2328869381145,0.404040404040404,0.669572706450703
0.0921248933804138,-0.521192300516671,2.62626262626263,0.338971166676432
0.218623826447646,-0.320955519314746,13.9393939393939,0.50079144257127
0.423126904461485,-0.204936959988443,16.7676767676768,0.763003753980804
0.39440981953946,-0.322140013950973,9.49494949494949,0.63584288577428
0.871361965343406,-0.459590583986395,1.61616161616162,0.590999373934453
0.299238215470108,-0.28483635629614,3.03030303030303,0.605759587422528
0.618438716253576,-0.421306810313439,15.959595959596,0.740624706856136
0.409031946582004,-0.934921221966936,16.1616161616162,0.33365207894117
0.172956209789944,-0.832604420342322,10.5050505050505,0.206306265529215
0.539691519331703,-0.394576791339925,13.9393939393939,0.693693385852262
0.600602790339152,-0.777687154311814,1.01010101010101,0.474555367339698
0.665777469422004,-0.460821341245792,11.9191919191919,0.761659043164559
0.71939323063913,-0.0651006586889655,16.3636363636364,0.905715324199124
0.91378955723678,-0.883206473858242,9.09090909090909,0.885487411880384
0.502567980286982,-0.388515537331263,5.65656565656566,0.667977218796877
0.560539815930139,-0.380332533057864,5.25252525252525,0.717055668710229
0.169230589326197,-0.444232534283313,18.3838383838384,0.355198232995673
0.532320554905874,-0.796379384463695,14.5454545454545,0.523196464372219
0.627187522117542,-0.066842173482936,4.24242424242424,0.898132502934048
0.449194757946899,-0.833344340652208,7.67676767676768,0.407097108551322
0.972716450674148,-0.98986815640271,2.22222222222222,0.517881613433521
0.0621844858822933,-0.463622550752226,12.1212121212121,0.387193605454113
0.112732728785132,-0.171504501216906,8.48484848484848,0.60728805157094
0.655426962638689,-0.355831113021602,18.3838383838384,0.789245136957769
0.381590096129161,-0.056933804674358,13.1313131313131,0.883542077177715
0.253459279751243,-0.831765759272366,12.9292929292929,0.220611641716662
0.659256309260912,-0.470519922598037,7.07070707070707,0.753927657913187
0.294491876405793,-0.24210587792082,9.6969696969697,0.654770891205936
0.0596470155215015,-0.592474967773306,19.5959595959596,0.374034355092228
0.251779558261742,-0.900961542391655,6.26262626262626,0.204327102973523
0.0749875815079128,-0.378240997329145,9.8989898989899,0.395805052060841
0.477559067583094,-0.707318183732783,18.3838383838384,0.482202265669679
0.348177223096174,-0.540284294243667,6.46464646464646,0.418696941736382
0.418229682140837,-0.570347756074774,16.3636363636364,0.474718400144488
0.310391333690356,-0.680987881128719,0,0.5
0.300856851015442,-0.97696862079256,13.3333333333333,0.219989874739417
0.156389184702831,-0.316960281285,5.25252525252525,0.459823910388583
0.782120391617665,-0.984813449659221,18.7878787878788,0.786482947379199
0.760789956574964,-0.282560387148028,0.404040404040404,0.544999001684024
0.111275206346848,-0.681573330332486,14.3434343434343,0.280557561109186
0.268771208763737,-0.190250206324789,15.5555555555556,0.706712260904885
0.568756392984997,-0.694903477456559,4.64646464646465,0.596630477467449
0.245601880919276,-0.17317649276116,5.45454545454545,0.717137483597785
0.398338268904778,-0.0273601662259026,16.7676767676768,0.906287130386598
0.785519588358344,-0.804734961563467,15.959595959596,0.801014579200868
0.391836095527189,-0.315262828155619,12.7272727272727,0.640423500093927
0.846872668802935,-0.908625736371441,6.86868686868687,0.844160210852483
0.666811540893402,-0.918517288955546,2.82828282828283,0.69820576033622
0.338391402074408,-0.606481691854109,7.67676767676768,0.370796349840889
0.0544179894174896,-0.0222301377098856,11.7171717171717,0.776698929582412
0.713225655797701,-0.269625273027622,11.3131313131313,0.844061491887871
0.675201401399141,-0.945127015152831,8.48484848484848,0.676083467628475
0.610736473784534,-0.709068716821161,18.7878787878788,0.641357966122499
0.126793375353767,-0.62915398215712,1.01010101010101,0.27894081337845
0.130666127596326,-0.142764262883052,15.959595959596,0.675127897098667
0.762193635797736,-0.40257382161909,2.02020202020202,0.739634591498479
0.524884201581488,-0.605021601249957,1.41414141414141,0.618675540230754
0.349307733138933,-0.230258021192831,2.22222222222222,0.701388009898601
0.980359808585279,-0.730215628824668,4.04040404040404,0.578615946993654
0.753655070424897,-0.24355569225102,4.64646464646465,0.867520226026637
0.284820077925426,-0.653809531206847,2.02020202020202,0.300078107171107
0.582893795047435,-0.575670942486049,17.3737373737374,0.651088993834729
0.986817842710029,-0.376547733524372,14.5454545454545,0.913450787272407
0.691475126159158,-0.965152166391004,0.404040404040404,0.430125605231592
0.162450039357289,-0.412743474288845,12.1212121212121,0.375889895364275
0.965419799194657,-0.0975491414341211,18.1818181818182,0.921817448539858
0.695333600956714,-0.178209792286054,11.9191919191919,0.866827495490978
0.569778974114098,-0.197675043516811,7.07070707070707,0.823078024890331
0.619296323765152,-0.858077869625753,5.85858585858586,0.62030058394702
0.0734966449875588,-0.705622059095665,3.83838383838384,0.330916266784364
0.850614397839059,-0.439900566293517,3.03030303030303,0.780255944055468
0.859028844187941,-0.0467886079054763,15.1515151515152,0.917925703869709
0.337938695613593,-0.850828278470783,8.68686868686869,0.278483936440365
0.885062874285019,-0.189826345176703,16.3636363636364,0.904863571526797
0.051215121531018,-0.863332359795595,14.5454545454545,0.347986552042703
0.574104860579553,-0.670012813067946,19.1919191919192,0.610343539834846
0.0449421024051265,-0.529280520686025,8.08080808080808,0.408090801480994
0.117669911306625,-0.0370524243250133,18.1818181818182,0.833000541443392
0.187448537807966,-0.2026413639002,19.3939393939394,0.634823004130322
0.0986308858620879,-0.829667014334278,7.87878787878788,0.265980901319787
0.317160881984013,-0.919865660209063,12.7272727272727,0.243888637458249
0.259221473781138,-0.530663177215143,18.3838383838384,0.345822970585262
0.775077343489752,-0.842829057244379,5.45454545454545,0.79302542515125
0.92708863217359,-0.64750773513375,5.25252525252525,0.848649165667629
0.12915130314848,-0.716895372435553,18.5858585858586,0.254960190488309
0.380614534821716,-0.434491382636828,5.45454545454545,0.526266379137602
0.314879595999384,-0.441214147785827,12.5252525252525,0.459375880107312
0.0861491407875955,-0.607153693031115,1.01010101010101,0.32689276239207
0.14993769447975,-0.305540158200269,20,0.467729756255169
0.497797769945623,-0.94863412393467,8.48484848484848,0.442801779607534
0.581946106388944,-0.628224789726667,7.27272727272727,0.632255101653194
0.0150144789621092,-0.483023353749327,2.22222222222222,0.469890313399181
0.486308155550604,-0.601656023844789,1.41414141414141,0.599100097342144
0.147284561477216,-0.188730217098277,7.47474747474747,0.619751290086727
0.754774451152408,-0.969359712530626,4.04040404040404,0.777530209813085
0.73039664042487,-0.420073625556383,10.9090909090909,0.814155343058566
0.542823940524258,-0.895696915330415,17.5757575757576,0.513778523561906
0.0347813941313638,-0.816449811496657,2.82828282828283,0.400234406724059
0.0128767017037513,-0.678203876894508,0.202020202020202,0.470371388567227
0.237702910211644,-0.100993188250162,15.5555555555556,0.810418516756205
0.596463408668003,-0.827418787123707,12.5252525252525,0.597583249065523
0.856615450764785,-0.486029739360869,8.48484848484848,0.871234703901979
0.433953643549319,-0.247111212368278,13.7373737373737,0.73005759689809
0.494658914181919,-0.309641934985018,13.5353535353535,0.715513518046679
0.930970353428078,-0.00211922998948033,8.08080808080808,0.928242512503463
0.65791561095465,-0.396886240975656,1.81818181818182,0.766038717434645
0.0556057088512165,-0.548015210958278,5.65656565656566,0.386685940757449
0.1156856211321,-0.820450682639086,16.7676767676768,0.246141163932475
0.246735729216766,-0.182004344485539,18.7878787878788,0.705494545478934
0.256022139943072,-0.971154046199758,5.85858585858586,0.193201390832599
0.625208445406278,-0.437014694374834,13.5353535353535,0.739625019451819
0.543530643889573,-0.0255013677689973,4.44444444444444,0.912281285089532
0.563695951842162,-0.986967886895609,17.1717171717172,0.525489664843103
0.287268204427763,-0.774046913023308,3.03030303030303,0.2576252072824
0.512871670082595,-0.162554908819918,2.02020202020202,0.841145160353509
0.690999005999709,-0.0991231157517972,1.21212121212121,0.819581479441234
0.354227178558193,-0.386519428821153,0.202020202020202,0.474162492669349
0.99344059349616,-0.766786436672824,9.6969696969697,0.797607341649941
0.113542956642079,-0.15532227987634,18.7878787878788,0.633845154067964
0.450125846940977,-0.566759519340637,6.66666666666667,0.511763369233434
0.16314608864982,-0.599511967832738,6.66666666666667,0.27456590653477
0.538406900626073,-0.551156790182267,15.3535353535354,0.614761435280845
0.948559089404936,-0.405785559370864,14.3434343434343,0.910899533773985
0.3298731989277,-0.821748991883051,4.64646464646465,0.278842019292729
0.0286235637110548,-0.0926988720895411,14.1414141414141,0.556646673387006
0.164554593369922,-0.598242628195211,10.1010101010101,0.274847274523009
0.509319247741363,-0.661105832740455,14.7474747474747,0.537575537547498
0.010208928257863,-0.0606746315874513,8.88888888888889,0.53333481828083
0.459000866000954,-0.726018685347463,6.06060606060606,0.452865426436603
0.476435838277426,-0.913460486400786,0.808080808080808,0.392875793491489
0.0791457257477356,-0.377559485394215,5.65656565656566,0.393830219395355
0.921381713914047,-0.880191997964318,11.1111111111111,0.889231899415656
0.262960229302737,-0.844565541710799,7.67676767676768,0.222601999984895
0.792285832957734,-0.379316441905805,18.1818181818182,0.853212604159434
0.114834317036564,-0.465565655931275,18.5858585858586,0.342922368210133
0.383689957907094,-0.11496162216304,7.27272727272727,0.834157922921333
0.217166088078898,-0.999878170582499,14.3434343434343,0.17490097189681
0.0370763389541833,-0.0453564265147964,16.1616161616162,0.683945016493575
0.637891548305077,-0.0643589504083105,6.46464646464646,0.899897360183709
0.139028602210438,-0.0696942448200291,6.26262626262626,0.800961422244047
0.45342249231768,-0.656313116279629,6.06060606060606,0.473225623176587
0.45263564524253,-0.365020728421892,8.88888888888889,0.644394420275776
0.614636420496807,-0.729468229316965,16.7676767676768,0.640914108944342
0.890797059803689,-0.27058657798866,10.5050505050505,0.89907541630076
0.910147335101885,-0.843440731757403,6.26262626262626,0.884349760172587
0.773270096198409,-0.244850014589339,3.83838383838384,0.879760162227673
0.577953082310426,-0.536762329543093,16.3636363636364,0.660620925993698
0.44064454143383,-0.731154730089879,4.64646464646465,0.428786781204179
0.621884530974775,-0.923872042504306,14.3434343434343,0.612832206699862
0.549625447149727,-0.871723855840138,2.82828282828283,0.548059566807658
0.554885202490533,-0.372218991794262,13.9393939393939,0.717301496793902
0.480444188933134,-0.418592153056699,7.07070707070707,0.629945764015139
0.438392302020968,-0.492812912438246,1.21212121212121,0.615985784571112
0.157950425791821,-0.963673903335823,10.9090909090909,0.185934024861167
0.272137981792393,-0.206494260959059,12.9292929292929,0.687064971900331
0.290268228019029,-0.353617403183068,1.01010101010101,0.55287883126662
0.288542717283991,-0.0712543723761253,15.959595959596,0.858279079781024
0.829663890611245,-0.54388766788065,0.808080808080808,0.510210045820838
0.741703094819052,-0.0297402918406879,8.88888888888889,0.916623153737486
0.425300127123829,-0.973118078576471,4.84848484848485,0.345107169295474
0.339220675792588,-0.732533727507879,16.5656565656566,0.316224722299342
0.203412290815639,-0.149007452713834,15.7575757575758,0.726802587470261
0.00726830892188756,-0.262205462193976,13.1313131313131,0.486363256307326
0.492606599572845,-0.751913420966183,16.5656565656566,0.485711990163472
0.247318603713848,-0.302609062792524,2.62626262626263,0.54512381186754
0.483906834687639,-0.724556219526253,5.65656565656566,0.483913096846636
0.682603933736119,-0.357865139103837,17.979797979798,0.803691240747157
0.855662970997292,-0.930442764307255,7.67676767676768,0.847974742823386
0.888880453576754,-0.0623106490424695,7.07070707070707,0.916804065073377
0.105961266067479,-0.428557120922277,9.8989898989899,0.362629646887075
0.303804413045551,-0.697932477987256,8.68686868686869,0.297081076459458
0.159604955259175,-0.0433416904969479,13.3333333333333,0.851727209336659
0.213942372228943,-0.403782552221219,17.5757575757576,0.41116382326658
0.533249629868519,-0.103708445248973,11.5151515151515,0.86916229313728
0.373330983842087,-0.151016532848538,2.62626262626263,0.796676837813384
0.813809901791901,-0.87623195437681,18.3838383838384,0.819319297389501
0.807616870274539,-0.556109909867112,17.979797979798,0.838873351484717
0.230538018792897,-0.909610793042538,1.41414141414141,0.197152132139866
0.325417624826395,-0.67155792516539,18.7878787878788,0.327305119750166
0.692225648669824,-0.690158043215765,3.23232323232323,0.754295603371295
0.399751899972247,-0.00134808782014162,7.87878787878788,0.922943033401363
0.368525259823206,-0.610064196312325,4.84848484848485,0.399760369618326
0.0566883338225096,-0.993793269697438,18.989898989899,0.303842313477974
0.556919606553222,-0.208966531105407,5.65656565656566,0.812196610329073
0.424136034127965,-0.221925909806334,11.7171717171717,0.747880227779787
0.853122134442472,-0.872830028655657,11.5151515151515,0.848444771914376
0.448286888920842,-0.719134531722655,13.7373737373737,0.442358234003031
0.0843539322883052,-0.229150030026247,7.47474747474747,0.496723461590645
0.907919342933578,-0.0311394643154962,8.28282828282828,0.919770584426369
0.68310422477816,-0.552643883986653,8.68686868686869,0.750820556496807
0.193550768594022,-0.698607741361383,8.88888888888889,0.239465613141869
0.173728685174691,-0.187500332962404,18.3838383838384,0.646343606861921
0.109610834001641,-0.318627557172012,9.49494949494949,0.431306206248142
0.535990214717289,-0.500759214641041,6.06060606060606,0.635336308006478
0.623422080814905,-0.132980066598005,14.9494949494949,0.869092683257434
0.901571620798668,-0.830089310037737,7.67676767676768,0.880353713590819
0.688980762386111,-0.659621681772876,12.1212121212121,0.733465820230165
0.7380981041451,-0.538656132594,6.66666666666667,0.795863025798881
0.766317654146135,-0.868208413649073,17.3737373737374,0.779496677788028
0.205349250128023,-0.375936843433794,2.02020202020202,0.431767794521451
0.0672666068416899,-0.901414901355161,14.5454545454545,0.304895255923577
0.204881930076172,-0.931194479599915,7.27272727272727,0.184742977827311
0.252318317989672,-0.682850128754442,14.9494949494949,0.265761018453614
0.649830023341905,-0.334251499293355,15.3535353535354,0.794023579397643
0.743253810149093,-0.749778197966219,17.5757575757576,0.76984499686972
0.76394713423652,-0.977992905850958,10.5050505050505,0.769584407054717
0.166597041691369,-0.383787036768913,16.1616161616162,0.401097220418203
0.0883963381892248,-0.0321131918228703,3.43434343434343,0.811201463368337
0.990634802303036,-0.779774149937,11.9191919191919,0.880042559133185
0.332656595492463,-0.582661096922009,14.1414141414141,0.378160656280599
0.561284351644149,-0.228295644934679,13.5353535353535,0.802522975554658
0.0458166359274219,-0.82330216849284,13.3333333333333,0.3694485466743
0.812269535087638,-0.480976929942206,6.86868686868687,0.849790612552544
0.968120689803702,-0.544225872544858,19.7979797979798,0.914196647372479
0.634359689900444,-0.711995525676654,18.989898989899,0.667036104046133
0.726716162128833,-0.657003931209789,2.82828282828283,0.768056459791508
0.292728945628432,-0.359673830928957,16.7676767676768,0.516798815808415
0.652312544672554,-0.489097350418345,3.23232323232323,0.759242663380926
0.282597412654977,-0.558994521939258,8.48484848484848,0.346854682894237
0.615000291654716,-0.688083396552565,14.7474747474747,0.651378141929962
0.489830764638374,-0.735047801704235,14.1414141414141,0.487701603184105
0.304837950232276,-0.99619599629163,4.24242424242424,0.219646910369225
0.390008287328975,-0.76895055331644,3.03030303030303,0.356676378729606
0.00815840307139115,-0.181182204766762,16.1616161616162,0.489084989342961
0.758636112536758,-0.0751496182267286,10.7070707070707,0.906099871148637
0.696852110905377,-0.907655451397626,16.7676767676768,0.705273977080869
0.969735972339365,-0.742965727632173,8.68686868686869,0.906379981041421
0.594972715697819,-0.957972785468274,15.1515151515152,0.572386724889611
0.404748111931134,-0.267120920734292,3.23232323232323,0.695040363995879
0.616152192616885,-0.879917325867843,12.9292929292929,0.612577893794298
0.661954275792677,-0.625168808998302,4.24242424242424,0.718492115366157
0.458758369433425,-0.382461848413315,18.989898989899,0.636352516893009
0.702856964963384,-0.288856942338293,8.68686868686869,0.834369794004006
0.854203661022695,-0.438812416796716,4.44444444444444,0.871221245692781
0.194285690265276,-0.0245000463752952,7.47474747474747,0.886849524971039
0.821152959341126,-0.160240521517283,4.04040404040404,0.902712867354991
0.70850923782373,-0.962404942357139,8.68686868686869,0.712785696944704
0.639372005834012,-0.541220301350347,17.979797979798,0.716366590096368
0.273975849391398,-0.937396692706204,15.3535353535354,0.209139820174174
0.182760016773636,-0.475318166098356,19.5959595959596,0.339125757250338
0.210862565455398,-0.542671215179389,16.7676767676768,0.309560299570835
0.660749547221918,-0.348469927994914,8.08080808080808,0.794832659706691
0.370063670235047,-0.455020000894802,2.42424242424242,0.50031416648184
0.209116755296009,-0.219090079093544,10.5050505050505,0.627614698696276
0.403828717411997,-0.258349308066432,6.26262626262626,0.70293388540922
0.468481841338353,-0.183518480897655,13.3333333333333,0.798613417664829
0.395568233343294,-0.252806879330803,3.43434343434343,0.703579943733052
0.412654195134152,-0.669013664435322,2.62626262626263,0.421292324804033
0.580688660663772,-0.308351086424517,0.606060606060606,0.621527332146318
0.322260536594395,-0.748941614921231,4.24242424242424,0.294527194829053
0.174466366758151,-0.983297282121334,5.25252525252525,0.177338412653987
0.92520630792362,-0.778898553550259,16.969696969697,0.892666384406759
0.150538167161256,-0.856519929932242,2.42424242424242,0.210081432163035
0.0691631802316825,-0.291041045895532,1.01010101010101,0.437213320229095
0.811003440358156,-0.693569966902902,1.21212121212121,0.519468677587164
0.80992191453396,-0.0171121419250909,6.26262626262626,0.921299076123166
0.895412680008609,-0.0883705863204842,17.979797979798,0.915544850788192
0.143585586799551,-0.138637702778728,3.43434343434343,0.695275811663541
0.959248368729743,-0.819173175976034,1.61616161616162,0.509982511649128
0.378092365338093,-0.781596082860086,16.969696969697,0.339453454826975
0.239529929143619,-0.356413763480638,5.65656565656566,0.47723705752641
0.931261893352321,-0.0139425752500215,1.81818181818182,0.640550156619041
0.747756760450559,-0.860139265392767,14.3434343434343,0.762830182312569
0.900491734779257,-0.848257716000364,6.46464646464646,0.881397088108948
0.413519759475904,-0.00621936542311563,5.45454545454545,0.920166798562901
0.984179118087248,-0.329270063645866,11.1111111111111,0.89628504596315
0.48870134823033,-0.237668512692488,2.82828282828283,0.765690552152
0.343107161516194,-0.789663637549539,19.1919191919192,0.300820935748797
0.277493572392813,-0.14349764921671,7.87878787878788,0.771732530672259
0.14854004270512,-0.810872801021479,14.5454545454545,0.220784592959335
0.632858906434989,-0.515038713517819,13.1313131313131,0.718764438300937
0.608074332642925,-0.33683025555133,19.3939393939394,0.769486374205109
0.388130174591155,-0.765257699187348,12.5252525252525,0.355841546442228
0.609120615798907,-0.518481489266836,6.06060606060606,0.696682133001479
0.835407784729148,-0.257083353175982,13.1313131313131,0.886074167582179
0.435444496515284,-0.222110217649992,5.05050505050505,0.752980592678615
0.597470314712241,-0.814613973355597,9.6969696969697,0.601494656003665
0.430036518642337,-0.685353825221331,14.3434343434343,0.433692179553426
0.924137179237916,-0.904074445161632,10.7070707070707,0.891492705358292
0.0822406277786111,-0.867959389299218,3.43434343434343,0.284110748292148
0.0575050214622043,-0.307733041352369,9.49494949494949,0.429085566850362
0.679443097746428,-0.266454155849483,15.7575757575758,0.832106136114102
0.495606066301556,-0.351428250582102,15.959595959596,0.687054047355525
0.434091944950936,-0.89724483621516,1.81818181818182,0.418348884754189
0.6056423896294,-0.630560758576534,19.7979797979798,0.656986447808168
0.989134704219241,-0.689568381335445,16.3636363636364,0.915641468703894
0.410134145323173,-0.0535941623721077,13.3333333333333,0.888562244984769
0.443408911005185,-0.325228699397941,18.1818181818182,0.668904038690615
0.729161258254944,-0.0409687658980772,5.05050505050505,0.913372760425244
0.703514825451197,-0.24144791855612,11.5151515151515,0.848978826296518
0.915610153777618,-0.517224585992351,11.9191919191919,0.893498121467015
0.935438638100611,-0.825219476900757,4.64646464646465,0.767794457419085
0.10272334777937,-0.2108954894505,14.1414141414141,0.538745178149903
0.0333064003739208,-0.683945330605426,14.5454545454545,0.422036985239413
0.238075434946322,-0.27633507845225,16.5656565656566,0.571101977116557
0.485443364113345,-0.739708890453756,15.7575757575758,0.480713401899878
0.0667586640733538,-0.287683451442922,3.03030303030303,0.438683559915498
0.456888886808006,-0.555865652904854,12.3232323232323,0.524953634588843
0.626424075318512,-0.869041271283805,12.5252525252525,0.627272273264923
0.567543285086853,-0.199437676464864,17.7777777777778,0.821352351712764
0.0637370786598777,-0.915299764962593,17.3737373737374,0.30879490394218
0.673220560224096,-0.927740390325979,14.9494949494949,0.675755862155002
0.817005678769204,-0.564627520398524,3.23232323232323,0.800496114345297
0.671115780306531,-0.453898943140113,12.9292929292929,0.767530657685393
0.393741588790991,-0.306784449581468,6.66666666666667,0.649854957863634
0.309164136432004,-0.198467526730526,6.86868686868687,0.717455622745019
0.73353776374242,-0.35415715858117,4.44444444444444,0.834966473995401
0.0168995221081696,-0.885966072190139,17.3737373737374,0.44073060348358
0.957691715416068,-0.343047648558349,10.5050505050505,0.925689062841631
0.444043471690967,-0.94678411111879,14.7474747474747,0.373467849278912
0.336675429582399,-0.660815681229756,10.3030303030303,0.342772437234283
0.232129374576056,-0.514807904120182,0,0.5
0.769950261991355,-0.153359360746204,10.1010101010101,0.889154422712517
0.735675439662101,-0.757988348135755,7.87878787878788,0.762007123268879
0.180623846782361,-0.451066935505732,12.9292929292929,0.354626371126455
0.789256021885868,-0.397132192783218,17.979797979798,0.849090865767421
0.899305397070835,-0.235051859212613,2.02020202020202,0.657145646464804
0.844235716197265,-0.738287408182089,11.5151515151515,0.84840416260199
0.510816783562978,-0.513036484060657,12.7272727272727,0.604310656528559
0.392744589609516,-0.894620799618807,3.03030303030303,0.324179375027568
0.122148381976635,-0.651815776988015,0.606060606060606,0.290541488420678
0.140243916939587,-0.157695710401334,13.9393939393939,0.661341053178158
0.628737771710439,-0.619248183088447,0.404040404040404,0.455212901026205
0.0653213835757459,-0.201230759036532,10.1010101010101,0.505063637304399
0.334508724454729,-0.672889779464003,17.3737373737374,0.335369909203324
0.352193563356496,-0.706692248782522,9.6969696969697,0.338942251221226
0.414650104789735,-0.42939591287624,16.5656565656566,0.562317607136792
0.521260686642495,-0.207935436374829,10.9090909090909,0.799787078600362
0.889083358958014,-0.18022812003045,12.5252525252525,0.906346691803273
0.648012848138098,-0.940068458935707,15.5555555555556,0.643565462722507
0.216474685733236,-0.497782338620509,10.9090909090909,0.339413209837823
0.995230679180454,-0.853215711378438,8.28282828282828,0.699211958128724
0.57552473443291,-0.506668026305211,16.969696969697,0.670360345313709
0.279977680910367,-0.979200323445029,13.7373737373737,0.205256404563049
0.367376033220694,-0.304923518431265,13.5353535353535,0.632811395984434
0.507161437347417,-0.192724730439788,17.5757575757576,0.805122329083859
0.302098704873699,-0.65568794922793,8.28282828282828,0.313290051041689
0.587751591247228,-0.0961513898109698,15.5555555555556,0.880779467158042
0.270675734324725,-0.899706837954238,4.24242424242424,0.214701183536822
0.0143547614066803,-0.717884228823518,6.66666666666667,0.465193776705561
0.834390348897896,-0.264413117658551,19.5959595959596,0.884817415686098
0.685787242494515,-0.590366055950994,11.3131313131313,0.74458372530284
0.0505325447088538,-0.753749857186405,10.9090909090909,0.37103327843694
0.635660709997449,-0.184331600510618,1.01010101010101,0.772601859854504
0.104585233812119,-0.66584884727407,4.84848484848485,0.291613363734335
0.274708324855675,-0.432001790438449,4.44444444444444,0.432205224342149
0.645721410891388,-0.637618077482026,4.84848484848485,0.696582895583787
0.281208387146625,-0.668726145332815,6.06060606060606,0.290879075550122
0.0832172297003503,-0.321284698989147,2.42424242424242,0.420622198295078
0.402150365323019,-0.727530661851155,8.48484848484848,0.384989531211737
0.0708951986353649,-0.836925094637704,18.1818181818182,0.311587309097436
0.909070953886515,-0.039300467162991,9.29292929292929,0.918558920926001
0.333405964751203,-0.747204248634065,9.49494949494949,0.305434771977373
0.31839377429452,-0.636048690266906,4.84848484848485,0.336900336446992
0.591821245524921,-0.275484630635272,0,0.5
0.865755796222057,-0.0556489740867668,11.3131313131313,0.917351710655365
0.47802407483898,-0.169233317093221,5.05050505050505,0.81278274376505
0.866687520746386,-0.553836903584051,3.83838383838384,0.820902871136052
0.875436548720447,-0.113297052917526,16.1616161616162,0.911082918093395
0.943272833790682,-0.792882988229201,6.66666666666667,0.887293808414822
0.0895862375327555,-0.72036898787176,19.1919191919192,0.300526142849675
0.362542497657605,-0.233736705077438,1.61616161616162,0.71050782816639
0.904609665437555,-0.597981667704457,11.7171717171717,0.886501514862311
0.840802757795696,-0.910070569532231,16.969696969697,0.838310835687511
0.103988774884715,-0.435557233774604,17.3737373737374,0.360146819881486
0.0204740078541035,-0.130538941672547,2.02020202020202,0.504357144182247
0.607121225058594,-0.840039793060858,15.5555555555556,0.608438664746821
0.484670985250676,-0.167150148353138,7.27272727272727,0.816343841118731
0.0273500912635632,-0.296559945547587,9.09090909090909,0.45338154544448
0.742239524558644,-0.214543385065813,13.1313131313131,0.868298706922532
0.263259621517543,-0.310498843995945,18.3838383838384,0.548006650123395
0.528141470618765,-0.954642582890782,17.5757575757576,0.482520979828795
0.472970667210366,-0.255990205006265,1.41414141414141,0.786710602486505
0.654629919012678,-0.658634455938649,9.29292929292929,0.700306658666715
0.9839225681991,-0.803544986040077,19.1919191919192,0.917490646950651
0.745810200294278,-0.56839495236186,13.7373737373737,0.796450945633205
0.624168938457136,-0.340008295488763,9.8989898989899,0.777461970495126
0.670354170337852,-0.845517312550054,7.07070707070707,0.683243121374422
0.780328328044111,-0.158506976827886,9.6969696969697,0.889876096910313
0.868233436760989,-0.944738973212999,19.5959595959596,0.856362143734895
0.677148138736829,-0.811695891373039,9.09090909090909,0.695790823176455
0.0212819835681779,-0.714748516098297,9.6969696969697,0.448504012207905
0.184895334900714,-0.898682201281096,0.808080808080808,0.227960490983882
0.00533622167026917,-0.433204275558415,3.03030303030303,0.489270128511163
0.939054936746498,-0.584545868748393,16.969696969697,0.90256071716872
0.442951735323069,-0.416148919112763,12.1212121212121,0.598152715822143
0.825014894459834,-0.86234770332977,12.5252525252525,0.828736781809267
0.0941604877962717,-0.488208657672018,3.43434343434343,0.34647892755679
0.746824153521102,-0.311690524172646,2.62626262626263,0.841036191536802
0.179239800167084,-0.955626027761538,7.27272727272727,0.181282717150196
0.77483080127728,-0.209420430801305,1.21212121212121,0.697469330844507
0.98164681191558,-0.23974272407928,7.07070707070707,0.798470337210908
0.630733622478603,-0.272739394500913,11.5151515151515,0.809398805170001
0.269005069210301,-0.691543474724187,4.84848484848485,0.273005993862947
0.377521747543941,-0.645648091802593,8.88888888888889,0.391848112521149
0.0130707594464422,-0.972027685950941,19.5959595959596,0.438642164397368
0.142713288401775,-0.926266829993728,13.1313131313131,0.201150732078856
0.99293935134936,-0.493713227576503,11.7171717171717,0.872151999791974
0.711182359888393,-0.52645421999009,16.5656565656566,0.778641831496084
0.858464715765622,-0.240516469706564,11.7171717171717,0.894238172155275
0.876671084444959,-0.510690683258908,2.22222222222222,0.640611524130389
0.138129391783352,-0.524116629533595,4.04040404040404,0.309909449176879
0.877184339562917,-0.964461585814621,14.7474747474747,0.861658869740982
0.223522366733892,-0.925044150102647,6.46464646464646,0.189194002102014
0.120087896663162,-0.75859614710573,10.3030303030303,0.254214602084287
0.152311247925097,-0.537098032785253,11.7171717171717,0.301863833517477
0.787884311012142,-0.271778912788253,12.5252525252525,0.869513851972297
0.427879011008013,-0.712082844667959,14.1414141414141,0.420635491113597
0.599624734817138,-0.058914166289035,1.61616161616162,0.916053638457071
0.936693456794589,-0.0517645041948068,19.3939393939394,0.921180395000826
0.536352662315094,-0.886442327968481,15.3535353535354,0.507098194443607
0.793464079809006,-0.666442632456044,2.82828282828283,0.751759279539685
0.704366860554717,-0.713695804096028,14.5454545454545,0.738722757774838
0.676523294007708,-0.0126351355730725,9.09090909090909,0.920181475147195
0.219049035226364,-0.476284256078184,2.42424242424242,0.355717966838638
0.689411518374657,-0.285069091846123,7.87878787878788,0.829956097493861
0.0532247483216492,-0.991611085592597,14.3434343434343,0.311606027693033
0.437952555761253,-0.0287629329383148,11.1111111111111,0.906973689374691
0.765899619477624,-0.112503590130274,18.1818181818182,0.897923812306008
0.38937100312028,-0.430952464534669,17.3737373737374,0.537342176284391
0.836835047483527,-0.565507344778413,3.23232323232323,0.787694504543121
0.643487463884549,-0.613941424359248,5.05050505050505,0.700129288403445
0.0417279448200198,-0.953645557111511,3.23232323232323,0.347907426316839
0.0688553854823597,-0.66499153633489,5.45454545454545,0.346321723812545
0.2981239595903,-0.0542511464634434,1.41414141414141,0.876995616198154
0.893177974381938,-0.502710909720365,10.5050505050505,0.885579895131046
0.800558606879057,-0.226748560923986,1.21212121212121,0.669725866338116
0.357428650673826,-0.838386935997307,19.1919191919192,0.300850225051563
0.712482759278916,-0.0190799858100918,5.65656565656566,0.918803401333536
0.776372210056269,-0.140703682216242,14.7474747474747,0.893068022708088
0.426111699575686,-0.0892783787459477,7.87878787878788,0.863424556639169
0.629655460628844,-0.498146466019208,6.26262626262626,0.721559088946912
0.315569407691786,-0.485476395256514,10.1010101010101,0.424996555162986
0.384026442686306,-0.177514315125032,2.62626262626263,0.773681995099729
0.134201580436078,-0.38420913795434,6.46464646464646,0.38807166871485
0.771545656755212,-0.563944197060536,15.5555555555556,0.815065403024146
0.16146505441015,-0.283188251703897,19.7979797979798,0.502296198424072
0.39773811236885,-0.692756221186731,6.46464646464646,0.393522628849972
0.651012313210045,-0.793117373837265,5.85858585858586,0.669563846398632
0.267577439611292,-0.914900692799376,1.61616161616162,0.212934201472585
0.519387869634262,-0.052188249708783,1.61616161616162,0.915149885014053
0.386867418429681,-0.339088074644862,1.61616161616162,0.630104607536065
0.646029357542224,-0.578263746742202,0,0.5
0.436625833652901,-0.250893811849081,6.26262626262626,0.728137601577798
0.100817158154446,-0.577396155105843,1.41414141414141,0.316281775089197
0.699617842832534,-0.649688790104502,9.09090909090909,0.745071900642346
0.923501066476353,-0.389787381083236,11.5151515151515,0.900625027484889
0.53123994039285,-0.337615341183613,13.9393939393939,0.720885331843016
0.183955303173318,-0.482151033677471,18.989898989899,0.335193651819696
0.475788685915591,-0.775810020469475,16.5656565656566,0.457166844043786
0.606440027314242,-0.501456214829618,2.42424242424242,0.733573715123151
0.331393973257286,-0.539251548496365,9.49494949494949,0.40292086669419
0.422860993809334,-0.367994086793506,18.1818181818182,0.617914510571973
0.795242844038773,-0.586307691569083,8.08080808080808,0.828002835132947
0.828364384008835,-0.63891722664785,19.1919191919192,0.844375749234524
0.177830781364627,-0.298308147866333,8.88888888888889,0.496594220542148
0.796393534323714,-0.790052696220216,11.3131313131313,0.810857821133199
0.718263675308822,-0.195116319794374,2.82828282828283,0.880580644072655
0.503171297319757,-0.101486892096454,11.9191919191919,0.866029846147618
0.151540052859864,-0.408671121721333,5.85858585858586,0.375483093107926
0.0610460746101586,-0.216988482498036,2.82828282828283,0.48518620675542
0.823663641765942,-0.588994218586601,9.29292929292929,0.845513314668147
0.794540726568107,-0.259982977020643,8.48484848484848,0.873642944964509
0.361534985699184,-0.718631551390346,13.3333333333333,0.343926195526065
0.345555231701845,-0.609600179259227,17.5757575757576,0.376266503241544
0.135219537460115,-0.452190427269631,1.81818181818182,0.345008898109579
0.306025795815263,-0.50971920613657,15.7575757575758,0.398761375662345
0.604861231638162,-0.211117226873507,17.5757575757576,0.82768540171976
0.474755886423887,-0.854082918727403,18.989898989899,0.433907232860197
0.516124280757671,-0.110822403605484,19.5959595959596,0.862139410059775
0.546566544069916,-0.165227242557586,1.81818181818182,0.860271294380093
0.195300647564186,-0.286844694322804,17.979797979798,0.524429474378568
0.664898928179315,-0.959107702910064,3.83838383838384,0.675099584507232
0.791277497145326,-0.579998323469368,9.29292929292929,0.826120144712217
0.668313240695781,-0.882888135197467,15.5555555555556,0.675675358970504
0.00391327803345502,-0.33364181417015,18.5858585858586,0.492040046494654
0.721450737744826,-0.319646783892058,3.03030303030303,0.848923822795772
0.244152339560049,-0.967892616014523,10.5050505050505,0.188463048194128
0.255625444164492,-0.464860405524133,0.202020202020202,0.444221120677361
0.579386456238952,-0.091904556417129,2.02020202020202,0.89897481461209
0.0729937406935735,-0.0478159206954617,14.9494949494949,0.759935673870809
0.879918455128598,-0.78603575763146,2.42424242424242,0.613949477634009
0.0353992420195451,-0.36320655056574,6.26262626262626,0.435616609549252
0.428483464880923,-0.812406828831152,1.41414141414141,0.462691435169015
0.833372662778158,-0.755684564783287,0.808080808080808,0.478359214817788
0.612451254029161,-0.0265936971500967,14.7474747474747,0.913780091547326
0.544122308602549,-0.166230767906123,19.3939393939394,0.833813043794554
0.311145282571124,-0.440349475477456,1.21212121212121,0.484445607794708
0.278886225888446,-0.215162001866176,1.61616161616162,0.679765915532299
0.116903045173553,-0.400283186851218,19.1919191919192,0.375516328663059
0.0580856442184903,-0.603080362883184,18.7878787878788,0.375701750164293
0.974860117037347,-0.642495072090188,11.1111111111111,0.914331350338621
0.896610392790382,-0.903026104243489,3.63636363636364,0.726120898866631
0.588468176149642,-0.855115396133958,9.29292929292929,0.581887449617146
0.851976452648095,-0.499126931898271,9.49494949494949,0.868045396278963
0.379308947479338,-0.265966063080439,8.28282828282828,0.680641816340934
0.460976859169261,-0.911684440435444,17.1717171717172,0.402477659592337
0.125910665173844,-0.523110951346098,11.9191919191919,0.314327232218083
0.328605672784814,-0.600192799406215,10.9090909090909,0.364653447299485
0.598221824734114,-0.263923005508824,11.5151515151515,0.799012509038446
0.504376830955018,-0.446965929804123,5.65656565656566,0.633980273438395
0.797383498565628,-0.13478729878586,0.202020202020202,0.55643261034653
0.118508799155548,-0.881769991856155,10.3030303030303,0.230619619934232
0.816790228706779,-0.234990950698288,13.3333333333333,0.884141815224522
0.248105468806778,-0.175386326299611,16.3636363636364,0.715454789113741
0.320575383734431,-0.496988322057557,6.86868686868687,0.421235356906226
0.286150497974736,-0.328044193205564,4.64646464646465,0.545729084958621
0.767821364249514,-0.676069862529334,7.27272727272727,0.798681626756758
0.963882150948455,-0.278651886178742,8.08080808080808,0.925058045698774
0.966410063196572,-0.011344628403078,13.1313131313131,0.928260542384793
0.783416639350317,-0.248840667507992,16.969696969697,0.872428636751939
0.35068892141451,-0.392995568393007,16.7676767676768,0.534061906256551
0.843412133674759,-0.154044068810765,4.24242424242424,0.904613056108396
0.999387762248577,-0.147583440541543,15.959595959596,0.913096421347199
0.565727965328567,-0.471058851547635,5.65656565656566,0.676856579079464
0.229796317643313,-0.943502239991575,18.5858585858586,0.18760065877365
0.240276733870517,-0.478372538393692,6.66666666666667,0.368193970009078
0.548651287638526,-0.332062963963277,14.9494949494949,0.735530336598198
0.558873220326664,-0.785998227286061,3.83838383838384,0.560537798171247
0.261442101742159,-0.494166154313996,2.22222222222222,0.372116874435973
0.00457111734316,-0.393578249415148,16.1616161616162,0.490715256457094
0.123573341197311,-0.736303028249525,0.808080808080808,0.257846583790382
0.408219767102543,-0.764227700769819,6.46464646464646,0.378966892846081
0.0250087412983939,-0.813004929738081,11.5151515151515,0.427814838006019
0.10811496328584,-0.469184698370549,16.969696969697,0.344436818775231
0.832821327354863,-0.081320578037545,10.1010101010101,0.911215901958011
0.633469122517596,-0.218369269784367,18.5858585858586,0.833955160188117
0.824734591862513,-0.456206819488698,17.1717171717172,0.85853548210651
0.221017977485838,-0.144647054185699,18.5858585858586,0.74361345341073
0.90286464703483,-0.0333755583422717,7.07070707070707,0.92156199744492
0.883459208861622,-0.261670910109375,13.5353535353535,0.898357758026589
0.716530820362162,-0.0737304006489629,4.64646464646465,0.90356224283666
0.831195236497266,-0.126435019899656,6.46464646464646,0.904421294839687
0.847122635390891,-0.349055288012393,12.5252525252525,0.879187713412417
0.933284074541356,-0.0877553514531365,18.989898989899,0.918850355656769
0.133879213056567,-0.663075271004029,15.959595959596,0.265156654327527
0.770072996883487,-0.293527450145799,1.41414141414141,0.690921403135925
0.7611865112807,-0.443490117356625,5.05050505050505,0.82998169657847
0.0180178372850702,-0.623717678851741,11.3131313131313,0.460983352850689
0.439235629315546,-0.616392982534826,8.28282828282828,0.47471029890121
0.463518796662507,-0.773506668124017,5.85858585858586,0.442536204236713
0.0238668279368629,-0.912272406287385,4.24242424242424,0.412523654961397
0.91157919154488,-0.884853652375723,6.06060606060606,0.881186379919087
0.481937605736729,-0.245063070168684,10.7070707070707,0.756176477469372
0.545726411666437,-0.679117323228158,19.3939393939394,0.574388219690473
0.684697949662357,-0.398495937312456,16.1616161616162,0.792651231263079
0.550929544681516,-0.737795984767007,18.5858585858586,0.562685078169002
0.973307095369461,-0.997611324054958,11.9191919191919,0.912191268880951
0.590894238715632,-0.966076922223756,18.1818181818182,0.56568172725701
0.167916668019859,-0.350524106142986,14.3434343434343,0.432510989274235
0.522711061555257,-0.33058068229118,10.1010101010101,0.719624445002339
0.3131566791513,-0.0156601096494774,5.05050505050505,0.910660150594594
0.276617350926352,-0.231654210858664,16.969696969697,0.656680422183926
0.372541589024318,-0.61730091390283,17.5757575757576,0.400298520756662
0.752276006309501,-0.156711963308711,17.3737373737374,0.885121900792644
0.190861119204804,-0.133499796794497,9.29292929292929,0.741691375836253
0.407226112710555,-0.631243910184192,11.7171717171717,0.431358004099611
0.908527304423531,-0.0239332122174399,15.959595959596,0.92189379329328
0.00102544139238165,-0.574093151613117,4.04040404040404,0.497885957112315
0.346098749764928,-0.120300952434975,14.1414141414141,0.820229572137701
0.441318403647297,-0.0344219056587985,12.7272727272727,0.903553412273904
0.254885829258951,-0.562337913769264,7.07070707070707,0.32377363555462
0.971179433724217,-0.352785862469132,16.3636363636364,0.918153512177337
0.324548824281576,-0.994176172247271,5.45454545454545,0.235846612246919
0.7365990971913,-0.788721473991501,3.63636363636364,0.777366776042983
0.897204448851595,-0.581356909768997,2.42424242424242,0.628311691961944
0.457366306998272,-0.174189078929951,20,0.802373716551049
0.301336360994426,-0.00540240054563057,18.5858585858586,0.917723495786835
0.417405836132759,-0.893357173818524,12.1212121212121,0.352941851425126
0.720240041041869,-0.684668268696366,10.9090909090909,0.757830109157319
0.996420860413389,-0.696409433682379,19.3939393939394,0.920771113484453
0.356158820728076,-0.115009257058426,14.5454545454545,0.827983591711261
0.810884084498311,-0.795205879117768,14.9494949494949,0.821693730428763
0.952001627119963,-0.415597992178757,12.3232323232323,0.914566773727241
0.374221826119952,-0.608360286625593,14.5454545454545,0.406663922542805
0.355671809532394,-0.759484805922299,17.979797979798,0.323136520221561
0.0999874608967397,-0.941324062603002,19.7979797979798,0.240969113422697
0.22737122113335,-0.281980886845413,17.7777777777778,0.555611301529985
0.469118326784022,-0.760430040285534,10.3030303030303,0.453684126832957
0.296431419695767,-0.769443497918553,7.87878787878788,0.265971964329793
0.85290217793919,-0.427907170266879,8.08080808080808,0.87428403956279
0.566001355700987,-0.987623646504102,12.7272727272727,0.528540994872161
0.091242715104973,-0.390649059588476,16.5656565656566,0.383793444433606
0.552595269964859,-0.0637574155244658,13.5353535353535,0.893499903743751
0.636133513303564,-0.98807306389801,4.04040404040404,0.627679146889851
0.266606187019073,-0.294868119831423,17.3737373737374,0.569463449766419
0.863407866409924,-0.236110445027912,1.61616161616162,0.658626014609097
0.674058036004769,-0.98530111107908,15.3535353535354,0.670291537163173
0.154140397120316,-0.331676659154018,19.1919191919192,0.443122259393568
0.571121243432192,-0.896274706286871,1.61616161616162,0.556009216403335
0.979240243489144,-0.695875381341577,13.5353535353535,0.913251342897442
0.224396768770806,-0.391383461049265,10.3030303030303,0.430093303724578
0.363171178234734,-0.341124329738695,6.26262626262626,0.593532283586252
0.249691004743598,-0.224091586922898,0,0.5
0.400862996637021,-0.0953285014993794,5.05050505050505,0.854677281002685
0.710595356046894,-0.877005862205647,17.979797979798,0.723612667229666
0.808419858528041,-0.841988297643467,3.63636363636364,0.797408477090721
0.894736274564747,-0.87817721272537,17.7777777777778,0.874468874799537
0.429649849136056,-0.503881039244898,0.606060606060606,0.518697638913525
0.0600095070113544,-0.618269851463962,3.23232323232323,0.370069654805314
0.305619710777819,-0.0948315504561162,7.27272727272727,0.837145539339284
0.0903940411064876,-0.414935904988836,14.9494949494949,0.373733520375605
0.0968714068118713,-0.794483750413656,10.7070707070707,0.275500174468042
0.970120384289905,-0.990360681121553,7.67676767676768,0.866801751411905
0.886377482320268,-0.084982317844994,3.43434343434343,0.851064176891994
0.647361041725493,-0.522290181567269,3.23232323232323,0.745661806047494
0.658417081910996,-0.358905265285337,15.5555555555556,0.789864447781636
0.872774770623349,-0.205936713897691,19.3939393939394,0.900912172218115
0.513942960680167,-0.256699681504489,9.8989898989899,0.763489435154394
0.593199802612968,-0.892786671209845,8.48484848484848,0.580902520470915
0.700294297718367,-0.185470850707519,0.808080808080808,0.696184154917155
0.611643912169215,-0.254809435081696,15.7575757575758,0.809248209003358
0.998477128413198,-0.902972000873278,0.202020202020202,0.499820105732439
0.715637467605578,-0.802413798693956,3.03030303030303,0.751249537442685
0.559726463544847,-0.0857303982613056,11.3131313131313,0.8826843982827
0.663133317700304,-0.139974003804471,6.26262626262626,0.87356808351021
0.905999523326261,-0.19159603706159,8.88888888888889,0.906158394709882
0.20606148580431,-0.535426606439929,15.1515151515152,0.311638708378514
0.74842316723334,-0.958269046339018,13.5353535353535,0.755583355490684
0.353289033467394,-0.0388444329658059,15.7575757575758,0.895377543995379
0.822339203675516,-0.615862721551595,11.7171717171717,0.84244184786197
0.211745024671142,-0.550158323458865,0.202020202020202,0.426140240299404
0.723714792725712,-0.743913887813561,16.5656565656566,0.752688147543505
0.578447316265341,-0.704458352950637,12.7272727272727,0.605277176534703
0.158280877284771,-0.102752954857536,19.1919191919192,0.765287052231348
0.975812952002225,-0.127653092584926,1.01010101010101,0.524091841849814
0.260719404248177,-0.406439652704831,9.49494949494949,0.443693366376157
0.784438657339443,-0.223204479262939,9.8989898989899,0.877629331407914
0.473253292899841,-0.917911000106832,11.1111111111111,0.416889292523661
0.987289980088702,-0.0794804260235192,6.86868686868687,0.740914839917858
0.867930165309764,-0.604122816891036,10.5050505050505,0.869253127242909
0.750446400269274,-0.861554651044604,14.7474747474747,0.765268804941344
0.869649680346213,-0.457609836197483,9.49494949494949,0.879025808429064
0.031694672652665,-0.00432454267903271,15.7575757575758,0.764347306954625
0.586884658353422,-0.297915243649604,12.3232323232323,0.776373018469378
0.874589192940297,-0.534283818503679,12.5252525252525,0.876367281423455
0.722757668880708,-0.124659913206452,2.22222222222222,0.885300064066836
0.168482379168454,-0.0212857230261428,15.1515151515152,0.882280507631893
0.573331490069982,-0.533287768168985,16.7676767676768,0.657479451485056
0.589537288403813,-0.0746003104738503,13.9393939393939,0.891358566062516
0.454444521557828,-0.980445878382834,4.84848484848485,0.379907764645971
0.491392084448303,-0.481888623494956,1.21212121212121,0.654750965067997
0.864980891834977,-0.344225123378489,11.9191919191919,0.886008598708864
0.181841630772543,-0.369995556244944,18.7878787878788,0.422171995616314
0.28309574808663,-0.0492012936045724,9.6969696969697,0.879126513587916
0.667836633531094,-0.589835952755741,7.47474747474747,0.728839710626678
0.308427008959746,-0.249049903667774,13.7373737373737,0.655116474282893
0.882315694396997,-0.859754176924682,17.3737373737374,0.86753159659351
0.570295116520422,-0.0429076928592155,5.45454545454545,0.90497695402806
0.530819174252197,-0.0444939525604841,15.1515151515152,0.902132517740172
0.592729317622971,-0.70066392392232,15.3535353535354,0.622947727543321
0.849526056646298,-0.371357970387489,6.86868686868687,0.878652705353343
0.231413555851067,-0.122515848049445,4.44444444444444,0.779630845711553
0.537666572099448,-0.0766723630312535,7.07070707070707,0.885220871896182
0.119276335849723,-0.123589382928583,4.64646464646465,0.693278875624886
0.431881370676342,-0.767827478720578,19.7979797979798,0.405682522460111
0.601223640794502,-0.5962342187932,8.28282828282828,0.662901332746409
0.0170118587204034,-0.824455017048238,5.85858585858586,0.448957046715441
0.479242807522393,-0.238432971213921,4.04040404040404,0.75997905800661
0.953788573200558,-0.92919628006561,11.3131313131313,0.912876185272767
0.47126317548085,-0.956115510673603,18.7878787878788,0.406304753907719
0.145816527603998,-0.370167964053827,11.7171717171717,0.403441315996306
0.802536699767092,-0.148363009866429,13.7373737373737,0.89578186583186
0.155621596143043,-0.950922486374931,17.7777777777778,0.189290774830557
0.564760248448655,-0.172088543641312,16.3636363636364,0.836005872361849
0.918434251931132,-0.484604948694256,9.49494949494949,0.895119719682817
0.964928483282434,-0.754377720884097,14.9494949494949,0.913640761018083
0.681826596694047,-0.7156358462764,18.989898989899,0.716305827319358
0.803070856277627,-0.839604873923748,19.5959595959596,0.812874157545584
0.801870798732461,-0.728089137179302,2.62626262626263,0.70836120600625
0.293544784940128,-0.949431803105304,0.606060606060606,0.330147877962031
0.977792481368725,-0.699865845223065,7.27272727272727,0.813632487261586
0.815041173991393,-0.362683545813285,17.7777777777778,0.865272445873506
0.344427633059231,-0.960754351799942,12.1212121212121,0.259847551354892
0.215180790135572,-0.345784163386169,4.44444444444444,0.470049677056357
0.220759364302477,-0.505613251687624,7.27272727272727,0.336801002538559
0.312659520882513,-0.121796525418049,2.02020202020202,0.809634414353941
0.0409784803367858,-0.317970195735393,8.28282828282828,0.433268819781272
0.553661178423874,-0.45866941652841,9.09090909090909,0.671985650516621
0.514880145074191,-0.152148990599586,14.5454545454545,0.835125612324987
0.870597526369461,-0.323327940764299,3.63636363636364,0.839916134633559
0.197787892298484,-0.338038355007677,6.86868686868687,0.465847646114928
0.37634087721112,-0.426625747690091,0.606060606060606,0.580020963340431
0.375541822319361,-0.85722449869703,3.63636363636364,0.314704297519274
0.241122336925352,-0.801609812148814,3.63636363636364,0.22246053293061
0.29136496057284,-0.808044002337329,19.7979797979798,0.250702247077528
0.511007194860074,-0.746977851416194,14.7474747474747,0.510320622585284
0.52313033323486,-0.26819553863743,17.7777777777778,0.760377751054435
0.557803854251148,-0.0508117330890973,11.3131313131313,0.900447584487168
0.351034987939775,-0.0616290522982229,1.01010101010101,0.892194408563939
0.709729679108361,-0.179867224195611,3.63636363636364,0.876713727013268
0.499282987079693,-0.445185160205072,6.06060606060606,0.630365568440892
0.467420409397628,-0.368704016961049,0.808080808080808,0.666366987073591
0.525649112892522,-0.86616309252357,8.88888888888889,0.497387337071962
0.644284910919748,-0.557129638758999,3.63636363636364,0.724672917347722
0.595064054039589,-0.595260206653137,1.81818181818182,0.682185559634332
0.45170116714164,-0.511988648741658,4.84848484848485,0.543928293589681
0.0804643638478041,-0.490911233609196,10.3030303030303,0.358680910587147
0.0958746669759005,-0.594705292464446,0.404040404040404,0.337647172872556
0.185226048150773,-0.648072832903189,10.5050505050505,0.255835568513374
0.360909656757192,-0.186320029937191,12.1212121212121,0.75531393468529
0.916965194932678,-0.677805000516676,11.1111111111111,0.889235373401441
0.275914666089487,-0.107345387636739,11.9191919191919,0.815359786816341
0.228140656530597,-0.035643010102424,8.88888888888889,0.883128967318205
0.976918056537789,-0.750948147435532,2.82828282828283,0.536951390870326
0.955185336080266,-0.161248264066364,12.3232323232323,0.922564680541883
0.827151340504444,-0.783713202131354,16.1616161616162,0.834291802707859
0.997879650989974,-0.504049481064774,0.808080808080808,0.500217268848952
0.602213266697845,-0.448907967299382,0.404040404040404,0.496054391807108
0.0855842763269177,-0.399475687200276,6.86868686868687,0.381740642316915
0.405170610480124,-0.00773727163181004,10.5050505050505,0.919121546372954
0.0874195144945383,-0.128832130891041,12.9292929292929,0.639630986766275
0.820993260359041,-0.251216401718928,16.1616161616162,0.882853909602614
0.656537347577629,-0.97005035221834,7.67676767676768,0.650440755463488
0.949449912692464,-0.078293870925806,20,0.920724570618303
0.0771442129766135,-0.106367823221834,13.1313131313131,0.66007002195994
0.506083762177518,-0.303880332480851,5.85858585858586,0.726686561923747
0.884230640328963,-0.805594265647917,10.9090909090909,0.869430080948327
0.697541890638413,-0.411437488996503,5.85858585858586,0.796819005599891
0.891362237295843,-0.516123162381813,15.5555555555556,0.884754847988874
0.638078296983273,-0.0107052308070495,5.25252525252525,0.920398591907
0.00633157693332129,-0.385967353687451,3.03030303030303,0.487250290219406
0.137330584568418,-0.928559139921986,12.9292929292929,0.204435440168921
0.919632368246294,-0.44206428065506,5.45454545454545,0.883119206332974
0.487477040652308,-0.347622235345522,8.08080808080808,0.683749860351636
0.0931691767129522,-0.203456528112257,1.21212121212121,0.536901468477477
0.316369240229679,-0.725677637993863,15.3535353535354,0.297479476578143
0.446716162305017,-0.447263412014338,8.68686868686869,0.579874580498078
0.520503016345879,-0.041542942783301,18.989898989899,0.903175037404486
0.0244461339435637,-0.817226234317982,1.41414141414141,0.428699708682844
0.848164673587903,-0.686186408553363,13.9393939393939,0.853562354237335
0.0294457214885264,-0.870204160963132,7.07070707070707,0.404763146380283
0.0487465938942452,-0.978454768239761,16.5656565656566,0.324332230879988
0.77296302701841,-0.733076179051193,16.969696969697,0.796880733950838
0.186055896664077,-0.995995586533841,16.1616161616162,0.173410978224779
0.576767508504578,-0.410773881224087,12.9292929292929,0.713972899603168
0.728193704413834,-0.525673110730337,0,0.5
0.756440493252774,-0.865928867439463,6.06060606060606,0.771115000956328
0.914708914582158,-0.387138253440286,7.47474747474747,0.900413111668915
0.124763482713816,-0.129476288532536,17.7777777777778,0.690116940069556
0.620278018058721,-0.822602679772801,2.42424242424242,0.665305385935966
0.583072100389682,-0.826100884094757,10.1010101010101,0.580957397086559
0.106081691999129,-0.495505224969184,4.04040404040404,0.335860130564542
0.759204587977393,-0.784720169741786,1.41414141414141,0.531824225456227
0.920766480703878,-0.800702282018455,16.7676767676768,0.890045247284865
0.985449257277743,-0.346007727587374,20,0.920247780775312
0.78611787113945,-0.761052715015041,17.5757575757576,0.804951326940519
0.518447285035493,-0.137281452685153,16.5656565656566,0.845703438426015
0.798839757966102,-0.3270558660877,2.22222222222222,0.765277267583813
0.526959208361255,-0.905584320765828,6.66666666666667,0.490535152308563
0.842963760970648,-0.53125632825585,9.29292929292929,0.861047718475958
0.289210192198863,-0.0486753833525837,14.9494949494949,0.880477679389126
0.280872553470536,-0.58537330448395,0.606060606060606,0.445327006821847
0.917139172151197,-0.961324644486694,3.83838383838384,0.713914792866613
0.0423091925158933,-0.342651981642898,2.22222222222222,0.427792155201839
0.932070562997073,-0.938947308105743,18.3838383838384,0.894157013233907
0.698182625170165,-0.849806093334708,8.68686868686869,0.713494143319298
0.826826942982479,-0.299750864642236,17.1717171717172,0.877881976583374
0.942514261951826,-0.164844400796022,4.44444444444444,0.807315853426697
0.493249692441744,-0.55461248736115,2.62626262626263,0.572861636202649
0.416051698168349,-0.662806234325818,11.3131313131313,0.42698371576375
0.744530326240301,-0.576578906710575,0.606060606060606,0.486718601066348
0.687159474391411,-0.0771502951290193,9.6969696969697,0.89932137161264
0.0715161626231499,-0.449220590433012,8.68686868686869,0.378573664128037
0.98850755447681,-0.146806112805678,17.1717171717172,0.920245096057638
0.937672003520941,-0.721970550085517,0.202020202020202,0.49349935815276
0.551818755916273,-0.227307658430878,13.9393939393939,0.799320244234937
0.171509010409393,-0.0180699022342207,14.7474747474747,0.886911895968555
0.265179464784258,-0.741183594395243,6.06060606060606,0.252963149905323
0.0119266488713569,-0.640578028367699,15.3535353535354,0.473913117792824
0.369101959887957,-0.462838649096624,5.25252525252525,0.493269484956191
0.153286536203537,-0.806387012353568,3.43434343434343,0.219216920461022
0.498954783374406,-0.31207936526808,4.04040404040404,0.716533441292594
0.51787755409795,-0.512636262048706,12.5252525252525,0.611645532654626
0.951282977536755,-0.260084019230023,12.1212121212121,0.918051511931561
0.0430307720880437,-0.583774177678853,18.989898989899,0.408070200540528
0.44754320727171,-0.82824619069182,15.7575757575758,0.406457890569439
0.0386553528220016,-0.314357583375244,12.3232323232323,0.436594584294027
0.0363014957973331,-0.776506484372977,11.5151515151515,0.402808825246161
0.132096482199791,-0.409877764292912,17.1717171717172,0.36989286846869
0.0764932746107208,-0.507276866171789,0,0.5
0.78193693952917,-0.176781402858064,17.7777777777778,0.886427605492094
0.202218511511397,-0.491858205577671,0.202020202020202,0.43429997627034
0.226652760194188,-0.703958092879534,19.1919191919192,0.245707049820179
0.892797484583263,-0.487289288864765,19.5959595959596,0.886793599586466
0.235373089924501,-0.246647627811488,1.01010101010101,0.613651261340657
0.778085511758422,-0.96832927035114,13.7373737373737,0.783644568894029
0.121824702353802,-0.217432848570324,10.9090909090909,0.551456926590824
0.86123484721194,-0.834311296444897,9.29292929292929,0.854817814506771
0.371781724915204,-0.105952570691331,5.85858585858586,0.840003005360755
0.631473547256653,-0.932621130795761,14.1414141414141,0.623774288628608
0.714120939576087,-0.364803203428914,8.08080808080808,0.81843800463681
0.258656348030178,-0.702679089784654,0.404040404040404,0.391659397001383
0.617097010162626,-0.56198984519911,11.1111111111111,0.689486954510214
0.347238090207838,-0.982043803227963,18.1818181818182,0.25847611619838
0.233552656986002,-0.620752896699485,4.24242424242424,0.281350267585138
0.946577184831782,-0.196996255109291,7.67676767676768,0.923809872848583
0.0477590525428248,-0.723182028814985,6.66666666666667,0.382235228448066
0.175759788859305,-0.992377120878418,17.1717171717172,0.175514739335264
0.945765867268039,-0.763502285453661,5.05050505050505,0.78254192694878
0.0780387368165313,-0.567884821165329,7.47474747474747,0.346436768791467
0.804257139240577,-0.891446420744097,12.1212121212121,0.810864149717424
0.482445524397011,-0.0169762824643109,11.1111111111111,0.915174131647566
0.962258862280771,-0.722164681246036,1.81818181818182,0.518979254463948
0.731978325189688,-0.770763704450371,7.47474747474747,0.757073889641494
0.94060854463122,-0.520945550571839,6.46464646464646,0.895051182145769
0.128863140179613,-0.125098205536931,12.7272727272727,0.702155522785614
0.662664228214783,-0.798807182857791,18.989898989899,0.681747514730801
0.19889518089011,-0.933001279301827,19.7979797979798,0.184026668120286
0.382827150761071,-0.935353269550825,7.87878787878788,0.304055512461152
0.330749496444565,-0.772386052355135,15.3535353535354,0.294520692589955
0.466485173306178,-0.939388319218414,5.25252525252525,0.403537449367005
0.58458889309908,-0.277752810225562,17.1717171717172,0.785592784963355
0.534532011385916,-0.118710356009566,0.808080808080808,0.836761281361757
0.705484319623261,-0.313252154171002,10.3030303030303,0.828349080189907
0.225275067142005,-0.643483590977064,15.7575757575758,0.267632563200464
0.465773265828575,-0.111244281780988,3.43434343434343,0.853215995001486
0.701282350761218,-0.468539514143678,13.1313131313131,0.784645231161859
0.707898000404146,-0.253653331587103,4.44444444444444,0.848556493433925
0.03091453258629,-0.888142810260274,14.9494949494949,0.395949345825181
0.141493781380379,-0.301975963832886,18.5858585858586,0.465607241023792
0.160597450275152,-0.422396660392149,9.09090909090909,0.368166385852144
0.0262700659281887,-0.273351796936848,13.5353535353535,0.457508433506699
0.693019011911765,-0.366881018948108,8.68686868686869,0.806641862650438
0.686029390976413,-0.300991827334979,9.6969696969697,0.823376953611785
0.358687532587097,-0.612267654023772,1.81818181818182,0.39823899233548
0.236334722784057,-0.791604206597023,0.404040404040404,0.367965025130455
0.165587105823427,-0.864504071119302,13.9393939393939,0.201754262653467
0.960700041419317,-0.889817656006973,0.404040404040404,0.491913219927226
0.585468749734756,-0.807477040382829,5.85858585858586,0.588046321656901
0.0818985829242297,-0.0800903600843732,15.5555555555556,0.715905379481961
0.0649353863613033,-0.847187735165898,10.7070707070707,0.321550926685477
0.805040244315983,-0.818414359875477,4.44444444444444,0.825427833509558
0.540988687584767,-0.000624114614433569,7.67676767676768,0.92394992893218
0.740091385653228,-0.646672097761231,6.46464646464646,0.780353140720446
0.912748122960974,-0.0687928712806517,12.1212121212121,0.917273075642377
0.982986060848824,-0.360076242121546,15.959595959596,0.91791466837197
0.208522752922981,-0.701392156109173,3.23232323232323,0.240829751250327
0.994779736307313,-0.0906992772055074,2.42424242424242,0.513656970382924
0.991367762839808,-0.19411426880373,20,0.921927047889118
0.862221152267771,-0.413041020019766,9.09090909090909,0.879304887389361
0.501729686049189,-0.280417025029263,19.5959595959596,0.740505731230192
0.680367225475405,-0.744269229237049,2.02020202020202,0.66166730953353
0.419788404017299,-0.109983327502072,10.7070707070707,0.845779801000438
0.243342575075923,-0.425148921914082,0,0.5
0.678663158084095,-0.289017878493264,15.1515151515152,0.82409865904496
0.387809330907363,-0.633475919453676,17.1717171717172,0.408762476779424
0.257093019612346,-0.424419493823853,3.63636363636364,0.424433707808413
0.67283814443552,-0.373659467809217,0.606060606060606,0.55959850326738
0.0195361553613332,-0.572683249481462,11.7171717171717,0.459256945870746
0.887258355435627,-0.324674597569831,8.48484848484848,0.893646977752419
0.420749486192576,-0.580523053978049,6.86868686868687,0.471999598520603
0.319042549459515,-0.527765655289957,13.7373737373737,0.398612501765179
0.860863003077766,-0.762522894671291,13.5353535353535,0.857690837575602
0.295882650274797,-0.654432451626406,4.84848484848485,0.308637377543906
0.515350432894748,-0.650860237043258,0.202020202020202,0.450471688380243
0.717203721229718,-0.560733385901861,8.28282828282828,0.776346010923285
0.613303424117704,-0.295392108344732,0.606060606060606,0.620034801075933
0.326789485939782,-0.423243862850912,11.1111111111111,0.485587236288614
0.52738634057329,-0.168138916908122,7.27272727272727,0.827995896604938
0.200014799927435,-0.135937720839869,1.21212121212121,0.743940387327352
0.464199171112169,-0.508076662146861,2.82828282828283,0.560455552583416
0.496568971651838,-0.627140538986964,10.7070707070707,0.536075002751124
0.406392803459996,-0.745630808934697,19.3939393939394,0.383295258850133
0.734349862403477,-0.835080153838619,14.7474747474747,0.752267505966592
0.192678221898575,-0.921125294433188,3.83838383838384,0.186156100287598
0.967193082516954,-0.404872759812259,9.8989898989899,0.928443698844298
0.839731088437381,-0.875250527195571,20,0.838877212120882
0.212777645739496,-0.906352713388742,12.3232323232323,0.190480575205354
0.562429200302811,-0.479517344041416,12.9292929292929,0.670068533514532
0.819177773346859,-0.673262720106348,18.3838383838384,0.83593422265928
0.297996608317615,-0.00850001877181661,10.3030303030303,0.915256736678761
0.845828465123413,-0.545054298058466,12.7272727272727,0.86133607800163
0.508014749893986,-0.936970790218219,13.3333333333333,0.45876846504971
0.751978750698243,-0.635604340974728,11.9191919191919,0.79130231545955
0.764077788656114,-0.632532970500585,14.1414141414141,0.800946855538138
0.242460422099205,-0.675327362985925,16.969696969697,0.26323531580237
0.830558798788403,-0.00942418713032789,2.22222222222222,0.84013750991948
0.38565346485541,-0.797166116924123,3.43434343434343,0.342818882103917
0.144085604448982,-0.569038331455986,15.7575757575758,0.290445588490766
0.0226599471734654,-0.519705031017333,15.959595959596,0.454002849716511
0.779168664710485,-0.887442660066591,8.28282828282828,0.789665748438685
0.603576063810464,-0.97489249125633,13.9393939393939,0.581326019217851
0.21450788300971,-0.0820342604536622,12.3232323232323,0.825773241282733
0.572367371765836,-0.0727609209014691,0,0.5
0.694420807213946,-0.290449696395382,4.24242424242424,0.832795664624391
0.956865613720901,-0.787027275560258,9.8989898989899,0.920835493897085
0.881981366963329,-0.852261135188047,3.83838383838384,0.77087731844126
0.10700881249754,-0.141750556487477,10.7070707070707,0.64712213268751
0.641328534231077,-0.674962984523686,11.1111111111111,0.682937065451803
0.366500548881432,-0.0140884354311949,9.29292929292929,0.914087665198947
0.777778200232544,-0.108467218683276,19.3939393939394,0.90031422201104
0.947714430773619,-0.981762239334669,4.84848484848485,0.747436437846094
0.170451925168708,-0.92244430660899,9.29292929292929,0.189144543791332
0.461113244796994,-0.131444886657371,18.1818181818182,0.837173334198575
0.650430992561372,-0.573175774172348,10.3030303030303,0.71730197552505
0.432949729275484,-0.890842925113824,9.49494949494949,0.372256550667791
0.50098619902075,-0.641858088793276,10.1010101010101,0.535211652492062
0.321680694730602,-0.634649800079958,0.404040404040404,0.417699905295594
0.768248675207164,-0.947733682034532,19.7979797979798,0.775689506221178
0.529893062913086,-0.63994920722048,0.808080808080808,0.488036589943065
0.788603566765225,-0.667971467440284,9.6969696969697,0.815137360925571
0.342814075175402,-0.381458302631565,17.7777777777778,0.537784726951888
0.1998293631818,-0.622261868748114,17.1717171717172,0.267934292797465
0.271275928697186,-0.809641515213483,9.09090909090909,0.236466771268859
0.926527515854958,-0.924782246785247,7.87878787878788,0.900557316097522
0.455698939310295,-0.771167992536676,9.8989898989899,0.433592109673814
0.0758026307341311,-0.212316289185056,14.1414141414141,0.505787681794546
0.944393104315775,-0.916992055173881,16.3636363636364,0.901040211235847
0.25038876752385,-0.621253672173817,2.22222222222222,0.290591591422684
0.364293877390391,-0.0597437837567769,1.81818181818182,0.880048279157657
0.0977289462511703,-0.624042012588057,6.66666666666667,0.308842235906711
0.642709559485474,-0.547497014355756,1.81818181818182,0.704451957672945
0.873720658439123,-0.602972696870232,13.3333333333333,0.872270003758405
0.505062783904701,-0.873239474970404,19.7979797979798,0.468615012501942
0.749309126906095,-0.417077371627909,12.3232323232323,0.825368884360285
0.0323411983124505,-0.644841564627184,7.47474747474747,0.427629697852506
0.541629014398774,-0.0984584951755301,10.1010101010101,0.873419160591809
0.000103834658905437,-0.815287377762369,12.9292929292929,0.499686351976317
0.555394859084632,-0.0701761195606856,1.01010101010101,0.887966400091433
0.755569373672458,-0.419353545209688,3.83838383838384,0.84058502139208
0.207333973567888,-0.782777645387009,5.45454545454545,0.217025042047321
0.0029225832794346,-0.549976562294057,19.5959595959596,0.494033891704383
0.757461791212689,-0.851415002866344,17.7777777777778,0.77272470798548
0.285874912079064,-0.710526478061248,18.7878787878788,0.277963551972027
0.961403441359519,-0.752485912232789,2.42424242424242,0.54113159458618
0.837791670594698,-0.213722699480486,3.63636363636364,0.882091938001493
0.196989549069867,-0.436216500709119,12.3232323232323,0.373584952234076
0.653944767342279,-0.708529169245871,2.62626262626263,0.718239337444808
0.421136736494981,-0.116683358804892,5.05050505050505,0.840484307370096
0.838666874211901,-0.163225041534438,7.87878787878788,0.89987371218873
0.341404546626028,-0.0830732387184488,20,0.855909628808082
0.941014406635794,-0.274824076552396,18.7878787878788,0.911536105665363
0.806383577037645,-0.136865405626642,13.7373737373737,0.898500290075323
0.046641087827626,-0.626055814976523,16.3636363636364,0.396610342495749
0.188913737757617,-0.14523329404455,8.08080808080808,0.722759110600752
0.732133191125859,-0.975466811049151,0,0.5
0.101052694249953,-0.279507841436658,14.1414141414141,0.460746967383164
0.178308923420241,-0.952830926167697,10.7070707070707,0.181910872935797
0.415399447498919,-0.0865526713949225,3.83838383838384,0.864051029770087
0.929873223289907,-0.170661261179858,4.44444444444444,0.839906816967262
0.26463016555716,-0.998066442281754,5.65656565656566,0.19315629816925
0.622026085001782,-0.450736541066087,15.1515151515152,0.732090806181678
0.903360394098542,-0.395175531485586,15.1515151515152,0.89531188599017
0.490615451663959,-0.687238046673281,9.8989898989899,0.505414424441991
